Language,NumExamples,MacroF1_ZeroShot,MacroRecall_ZeroShot,Accuracy_ZeroShot,MacroF1_OneShot,MacroRecall_OneShot,Accuracy_OneShot
BN,168,0.36614645858343337,0.35625120030727864,0.47619047619047616,0.19617224880382775,0.5,0.24404761904761904
ML,50,0.2694805194805195,0.2761904761904762,0.28,0.2857142857142857,0.2857142857142857,0.4
PA,50,0.415614773258532,0.5535714285714286,0.5,0.31066176470588236,0.4496753246753247,0.4
