Language,NumExamples,MacroF1,MacroRecall,Accuracy
BN,168,0.3970792026436414,0.5775878624927981,0.39880952380952384
ML,50,0.39123376623376627,0.5333333333333333,0.4
PA,50,0.37794937794937794,0.45779220779220775,0.42
