Language,NumExamples,MacroF1,MacroRecall,Accuracy
BN,168,0.39397835636987033,0.6023622047244095,0.39880952380952384
ML,50,0.34318555008210183,0.5047619047619047,0.36
PA,50,0.3064312736443884,0.3717532467532467,0.34
